Workbook

Sheet START HERE
A1: Project Kickoff Wizard
A2: One-stop intake for a new client engagement. Fill in the Kickoff Questionnaire with what you know after first contact / before discovery. The other sheets auto-update — use them to set up the project consistently in 15 minutes instead of an hour.
A4: Sheets in this wizard
A5: Sheet | B5: Purpose | C5: Time
A6: 1. Kickoff Questionnaire | B6: Fill this first. 20 questions in 5 sections. | C6: ~10 minutes
A7: 2. Project Card | B7: Auto-computed clean summary of the engagement. Share internally or use as your reference. | C7: Auto
A8: 3. Setup Checklist | B8: Concrete tasks to do — file renaming, master-index update, sending pre-interview to client. | C8: ~5 minutes
A9: 4. Pre-Population Map | B9: Target file → cell → value. Open each target file, copy each value in. Manual but bulletproof. | C9: ~10 minutes
A10: 5. AI Pre-Population Prompt | B10: Optional alternative to the map: ready-to-paste prompt for Claude. Faster but verify the result. | C10: ~5 minutes if used
A13: Recommended workflow
A14: 1. Open this wizard. Save a copy named after the client (e.g., "Kickoff_AcmeCo_2026-06-28.xlsx").
A15: 2. Fill the Kickoff Questionnaire. Leave fields blank if not yet known — they show as [Not yet captured] in derived outputs.
A16: 3. Review the Project Card. Confirms what we know about this engagement.
A17: 4. Use either: the Pre-Population Map (manual copy/paste — bulletproof) OR the AI Pre-Population Prompt (faster but verify result).
A18: 5. Work through the Setup Checklist. Tick items as you complete them.
A19: 6. Keep this wizard file in the project folder as the kickoff record.
A22: Color guide (same convention as the rest of the framework)
B23: Grey | C23: Reference / fixed text
B24: Yellow | C24: Your input — edit here
B25: Green | C25: Live edit area
B26: Blue | C26: Auto-computed output

Sheet Kickoff Questionnaire
A1: Kickoff Questionnaire
A2: 20 questions in 5 sections. Fill what you know. Leave unknown fields blank — the Project Card will show [Not yet captured] for those. Answers feed all other sheets in this wizard via formulas.
A4: # | B4: Question | C4: Allowed values / hint | D4: Answer
A5: A. Identity
A6: Q1 | B6: Q1. Client name / company | C6: Full legal or trade name. Example: "Acme Therapy GmbH".
A7: Q2 | B7: Q2. Project name / identifier | C7: Short internal label. Example: "Acme — Intake Automation".
A8: Q3 | B8: Q3. Client primary contact name | C8: Decision-maker or first point of contact.
A9: Q4 | B9: Q4. Client primary contact email | C9: Used for sending Pre-Interview and project updates.
A10: Q5 | B10: Q5. Project start date | C10: Date as YYYY-MM-DD. Example: "2026-08-15".
A11: B. Business Context
A12: Q6 | B12: Q6. Industry / business type | C12: Free text. Example: "Solo therapy practice", "Small marketing agency".
A13: Q7 | B13: Q7. Business size | C13: Solo / Small team (2-10) / SME (11-50) / Larger
A14: Q8 | B14: Q8. Geographic scope | C14: Switzerland only / DACH / EU / Global
A15: Q9 | B15: Q9. Languages of operation | C15: Free text. Example: "German + English; occasionally French".
A16: C. Engagement Direction
A17: Q10 | B17: Q10. Initial package direction | C17: Best guess based on what you know so far. | D17: To be decided
A18: Q10a | B18: Q10a. Primary automation type | C18: Communication & Intake / Lead & Sales Pipeline / Document & Data Processing / Content & Marketing / Internal Operations & Approvals / Reporting & Analytics / Finance & Admin / Scheduling & Booking / Customer Support & After-Sales / E-commerce & Fulfilment / Mixed
A19: Q11 | B19: Q11. Indicative budget range (CHF) | C19: Rough order of magnitude only. | D19: Not yet discussed
A20: Q12 | B20: Q12. Engagement type | C20: One-time build / Managed service / Build-and-transfer | D20: Not yet decided
A21: Q13 | B21: Q13. Ownership model | C21: Who owns the automation environment? | D21: Not yet decided
A22: Q14 | B22: Q14. Expected timeline to go-live | C22: Rough months from start. | D22: Open / flexible
A23: D. Operational Setup
A24: Q15 | B24: Q15. Discovery call date | C24: Date as YYYY-MM-DD. If unscheduled, leave blank.
A25: Q16 | B25: Q16. PM owner (this project) | C25: Your name, or the PM running this engagement.
A26: Q17 | B26: Q17. Workspace ownership | C26: Where will Make / automation tools live? | D26: Not yet decided
A27: Q18 | B27: Q18. Document language preference | C27: Language for client-facing documents.
A28: E. Risk Signals
A29: Q19 | B29: Q19. Known sensitive content areas | C29: Tick all that may apply. | D29: Not yet known
A30: Q20 | B30: Q20. Red flags or special considerations | C30: Free text. Examples: "Tight regulatory environment", "Previous bad automation experience", "Decision-maker is risk-averse".

Sheet Project Card
A1: Project Card (auto-computed)
A2: Clean summary of the engagement. Pull from Kickoff Questionnaire. Share internally with your team or use as your reference card during discovery.
A4: Project
A5: Client | B5: =IF('Kickoff Questionnaire'!D6="","[Not yet captured]",'Kickoff Questionnaire'!D6) -> [Not yet captured]
A6: Project name | B6: =IF('Kickoff Questionnaire'!D7="","[Not yet captured]",'Kickoff Questionnaire'!D7) -> [Not yet captured]
A7: Primary contact | B7: =IF('Kickoff Questionnaire'!D8="","[Not yet captured]",'Kickoff Questionnaire'!D8&" — "&IF('Kickoff Questionnaire'!D9="","[email not yet captured]",'Kickoff Questionnaire'!D9)) -> [Not yet captured]
A8: Project start date | B8: =IF('Kickoff Questionnaire'!D10="","[Not yet captured]",'Kickoff Questionnaire'!D10) -> [Not yet captured]
A9: PM owner | B9: =IF('Kickoff Questionnaire'!D25="","[Not yet captured]",'Kickoff Questionnaire'!D25) -> [Not yet captured]
A10: Discovery call | B10: =IF('Kickoff Questionnaire'!D24="","[Not yet captured]",'Kickoff Questionnaire'!D24) -> [Not yet captured]
A12: Business context
A13: Industry / type | B13: =IF('Kickoff Questionnaire'!D12="","[Not yet captured]",'Kickoff Questionnaire'!D12) -> [Not yet captured]
A14: Business size | B14: =IF('Kickoff Questionnaire'!D13="","[Not yet captured]",'Kickoff Questionnaire'!D13) -> [Not yet captured]
A15: Geographic scope | B15: =IF('Kickoff Questionnaire'!D14="","[Not yet captured]",'Kickoff Questionnaire'!D14) -> [Not yet captured]
A16: Languages | B16: =IF('Kickoff Questionnaire'!D15="","[Not yet captured]",'Kickoff Questionnaire'!D15) -> [Not yet captured]
A18: Engagement direction
A19: Initial package direction | B19: =IF('Kickoff Questionnaire'!D17="","[Not yet captured]",'Kickoff Questionnaire'!D17) -> To be decided
A20: Primary automation type | B20: =IF('Kickoff Questionnaire'!D18="","[Not yet selected]",'Kickoff Questionnaire'!D18) -> [Not yet selected]
A21: Indicative budget | B21: =IF('Kickoff Questionnaire'!D19="","[Not yet captured]",'Kickoff Questionnaire'!D19) -> Not yet discussed
A22: Engagement type | B22: =IF('Kickoff Questionnaire'!D20="","[Not yet captured]",'Kickoff Questionnaire'!D20) -> Not yet decided
A23: Ownership model | B23: =IF('Kickoff Questionnaire'!D21="","[Not yet captured]",'Kickoff Questionnaire'!D21) -> Not yet decided
A24: Expected timeline | B24: =IF('Kickoff Questionnaire'!D22="","[Not yet captured]",'Kickoff Questionnaire'!D22) -> Open / flexible
A25: Workspace ownership | B25: =IF('Kickoff Questionnaire'!D26="","[Not yet captured]",'Kickoff Questionnaire'!D26) -> Not yet decided
A26: Document language | B26: =IF('Kickoff Questionnaire'!D27="","[Not yet captured]",'Kickoff Questionnaire'!D27) -> [Not yet captured]
A28: Risk signals
A29: Sensitive content areas | B29: =IF('Kickoff Questionnaire'!D29="","[Not yet captured]",'Kickoff Questionnaire'!D29) -> Not yet known
A30: Red flags / considerations | B30: =IF('Kickoff Questionnaire'!D30="","[Not yet captured]",'Kickoff Questionnaire'!D30) -> [Not yet captured]
A32: Suggested next actions (auto-derived)
A33: Discovery action | B33: =IF('Kickoff Questionnaire'!D24="","Schedule discovery call with "&IF('Kickoff Questionnaire'!D8="","client",'Kickoff Questionnaire'!D8),"Send Pre-Interview to "&IF('Kickoff Questionnaire'!D8="","client",'Kickoff Questionnaire'!D8)&" before "&'Kickoff Questionnaire'!D24) -> Schedule discovery call with client
A34: Language setup | B34: =IF(OR('Kickoff Questionnaire'!D27="German",'Kickoff Questionnaire'!D27="Both"),"Use DE — Kunden-Vorabfragebogen sheet in Phase 1 file","Use Client Pre-Interview (English) in Phase 1 file") -> Use Client Pre-Interview (English) in Phase 1 file
A35: Sensitivity flag | B35: =IF(OR('Kickoff Questionnaire'!D29="Health / medical",'Kickoff Questionnaire'!D29="Legal",'Kickoff Questionnaire'!D29="Financial",'Kickoff Questionnaire'!D29="Multiple sensitive areas"),"Sensitive content: brief team; lock approval workflow before any AI auto-send","Standard risk profile — apply default boundaries during Phase 1") -> Standard risk profile — apply default boundaries during Phase 1
A36: File setup | B36: ="Copy all framework files to project folder; rename with client identifier" -> Copy all framework files to project folder; rename with client identifier

Sheet Setup Checklist
A1: Setup Checklist
A2: Concrete tasks for kicking off this engagement. Tick Status as you complete each one. Some items are auto-derived from the Kickoff Questionnaire (Description column).
A4: # | B4: Task | C4: Description / Detail | D4: Status
A5: 1 | B5: File setup | C5: ="Copy all 11 framework files to a new project folder. Suggested folder name: "&IF('Kickoff Questionnaire'!D6="","[CLIENT]",'Kickoff Questionnaire'!D6)&" — "&IF('Kickoff Questionnaire'!D7="","[PROJECT]",'Kickoff Questionnaire'!D7) -> Copy all 11 framework files to a new project folder. Suggested folder name: [CLIENT] — [PROJECT] | D5: Not Started
A6: 2 | B6: Master Index — Mini Dashboard | C6: Open Master Overview Index v2. Update Mini Dashboard (rows 4-12) with client name, project name, package direction, owner. Use Pre-Population Map sheet for exact values. | D6: Not Started
A7: 3 | B7: Master Index — Phase Progress Tracker | C7: Set Phase 1 status to "In Progress". Enter Phase 1 start date (= discovery call date). Other phases stay "Not Started". | D7: Not Started
A8: 4 | B8: Master Index — File Index Status | C8: Update each row's Status column to "In Use" once the corresponding file has been copied/renamed for this project. | D8: Not Started
A9: 5 | B9: Pricing Calculator setup | C9: Open Pricing Calculator. Set Quote Calculator C4-C6 (client name, package, support model) using Pre-Population Map. Don't fill counts yet — those come from Phase 2. | D9: Not Started
A10: 6 | B10: Phase 1 — language choice | C10: =IF(OR('Kickoff Questionnaire'!D27="German",'Kickoff Questionnaire'!D27="Both"),"German output requested: use the DE — Kunden-Vorabfragebogen and DE — Interview-Leitfaden sheets in Phase 1 v5 file.","English output: use Client Pre-Interview and Interview Script sheets in the Phase 1 file.") -> English output: use Client Pre-Interview and Interview Script sheets in the Phase 1 file. | D10: Not Started
A11: 7 | B11: Pre-Interview send | C11: ="Send Pre-Interview to "&IF('Kickoff Questionnaire'!D9="","[client email]",'Kickoff Questionnaire'!D9)&" by [DATE]. Include 10-minute time estimate and offer to clarify any question." -> Send Pre-Interview to [client email] by [DATE]. Include 10-minute time estimate and offer to clarify any question. | D11: Not Started
A12: 8 | B12: Discovery call | C12: =IF('Kickoff Questionnaire'!D24="","Schedule discovery call (target ~1 week before project start date).","Discovery call confirmed for "&'Kickoff Questionnaire'!D24&". Prepare Interview Script in advance.") -> Schedule discovery call (target ~1 week before project start date). | D12: Not Started
A13: 9 | B13: Sensitive content brief | C13: =IF(OR('Kickoff Questionnaire'!D29="Health / medical",'Kickoff Questionnaire'!D29="Legal",'Kickoff Questionnaire'!D29="Financial",'Kickoff Questionnaire'!D29="Multiple sensitive areas"),"SENSITIVE CONTENT FLAGGED. Review boundary rules before discovery. No AI auto-send. Approval workflow mandatory.","Standard risk profile applies. Default boundaries during discovery.") -> Standard risk profile applies. Default boundaries during discovery. | D13: Not Started
A14: 10 | B14: Internal kickoff note | C14: Share the Project Card with your team (PDF or screenshot). Confirms client name, package direction, language, and risk flags before discovery. | D14: Not Started
A15: 11 | B15: Save this wizard | C15: Keep this wizard file in the project folder as the kickoff record. Useful for retrospectives at end of project. | D15: Not Started
A18: Setup Progress (auto)
B19: Not Started | C19: =COUNTIF(D5:D15,"Not Started") -> 11
B20: In Progress | C20: =COUNTIF(D5:D15,"In Progress") -> 0
B21: Done | C21: =COUNTIF(D5:D15,"Done") -> 0
B22: Skipped / N/A | C22: =COUNTIF(D5:D15,"Skipped")+COUNTIF(D5:D15,"Not Applicable") -> 0
B23: Total tasks | C23: =COUNTA(B5:B15) -> 11

Sheet Pre-Population Map
A1: Pre-Population Map
A2: Open each target file and copy the Value column into the listed cell. Bulletproof, works in any Excel/LibreOffice/Numbers. Values pull from your Kickoff Questionnaire answers automatically.
A4: Target file | B4: Sheet | C4: Cell | D4: Value to copy
A5: Master Overview Index | B5: Mini Dashboard | C5: B4 | D5: =IF('Kickoff Questionnaire'!D6="","[Not yet captured]",'Kickoff Questionnaire'!D6) -> [Not yet captured]
A6: Master Overview Index | B6: Mini Dashboard | C6: B5 | D6: =IF('Kickoff Questionnaire'!D7="","[Not yet captured]",'Kickoff Questionnaire'!D7) -> [Not yet captured]
A7: Master Overview Index | B7: Mini Dashboard | C7: B6 | D7: ="Phase 1 - Discovery" -> Phase 1 - Discovery
A8: Master Overview Index | B8: Mini Dashboard | C8: B7 | D8: =IF('Kickoff Questionnaire'!D17="","[Not yet captured]",'Kickoff Questionnaire'!D17) -> To be decided
A9: Master Overview Index | B9: Mini Dashboard | C9: B8 | D9: =IF('Kickoff Questionnaire'!D18="","[Not yet selected]",'Kickoff Questionnaire'!D18) -> [Not yet selected]
A10: Master Overview Index | B10: Mini Dashboard | C10: B9 | D10: ="[To be defined in Phase 2]" -> [To be defined in Phase 2]
A11: Master Overview Index | B11: Mini Dashboard | C11: B10 | D11: =IF('Kickoff Questionnaire'!D22="","[Not yet captured]",'Kickoff Questionnaire'!D22) -> Open / flexible
A12: Master Overview Index | B12: Mini Dashboard | C12: B11 | D12: =IF('Kickoff Questionnaire'!D29="","[Not yet captured]",'Kickoff Questionnaire'!D29) -> Not yet known
A13: Master Overview Index | B13: Mini Dashboard | C13: B12 | D13: ="Conduct discovery interview" -> Conduct discovery interview
A14: Master Overview Index | B14: Mini Dashboard | C14: B13 | D14: =IF('Kickoff Questionnaire'!D25="","[Not yet captured]",'Kickoff Questionnaire'!D25) -> [Not yet captured]
A15: Master Overview Index | B15: Mini Dashboard | C15: B19 | D15: ="In Progress" -> In Progress
A16: Master Overview Index | B16: Mini Dashboard | C16: C19 | D16: =IF('Kickoff Questionnaire'!D24="","[Not yet captured]",'Kickoff Questionnaire'!D24) -> [Not yet captured]
A17: Pricing Calculator | B17: Quote Calculator | C17: C4 | D17: =IF('Kickoff Questionnaire'!D6="","[CLIENT NAME]",'Kickoff Questionnaire'!D6)&" — "&IF('Kickoff Questionnaire'!D7="","[PROJECT NAME]",'Kickoff Questionnaire'!D7) -> [CLIENT NAME] — [PROJECT NAME]
A18: Pricing Calculator | B18: Quote Calculator | C18: C5 | D18: =IF('Kickoff Questionnaire'!D17="","[Not yet captured]",'Kickoff Questionnaire'!D17) -> To be decided
A19: Pricing Calculator | B19: Quote Calculator | C19: C6 | D19: =IF('Kickoff Questionnaire'!D21="Managed by us","Normal managed support",IF('Kickoff Questionnaire'!D21="Client-owned workspace","Light support",IF('Kickoff Questionnaire'!D21="Hybrid","Normal managed support",IF('Kickoff Questionnaire'!D21="Wants full ownership (would need Licence, not transfer)","High-responsibility maintenance","[Set manually after Phase 2]")))) -> [Set manually after Phase 2]
A22: Notes
A23: Values shown in blue cells are formulas — when you copy, paste as VALUES (Cmd/Ctrl+Shift+V → Values) so the target file holds a static value, not a broken cross-file formula.
A24: Cells in Mini Dashboard rows 18-23 reflect the Phase Progress Tracker (one row per phase). Phase 1 = In Progress at kickoff; rows 19-23 stay "Not Started" until each phase begins.
A25: The Pricing Calculator C5 (package) and C6 (support model) must match the values in Package Reference / Complexity Reference EXACTLY. The dropdowns in Q10 and Q13 are designed to produce matching strings — but verify after pasting.
A26: If "[Set manually after Phase 2]" appears in the support model row, leave C6 blank until Phase 2 scope and ownership are locked.
A27: If a value is "[Not yet captured]", you can either skip that cell or write "[TBD]" in the target cell as a reminder.

Sheet AI Pre-Population Prompt
A1: AI Pre-Population Prompt (optional)
A2: Optional alternative to the Pre-Population Map. Use this prompt with Claude (or any LLM that accepts file attachments) to automate the kickoff setup. Still always verify the result against your Kickoff Questionnaire.
A4: How to use
A5: 1. Fill the Kickoff Questionnaire first. Save and close.
A6: 2. Open Claude.ai (or your LLM). Start a new chat.
A7: 3. Attach this Kickoff Wizard file + the Master Overview Index file + the Pricing Calculator file.
A8: 4. Copy the prompt below into the chat. Send.
A9: 5. The AI returns a list of updates per file. Apply them to your copies, OR ask the AI to produce updated files for download.
A10: 6. Verify the result against the Pre-Population Map sheet before considering kickoff done.
A13: The prompt (copy everything below)
A14: You are helping me pre-populate a new client project across three framework files for an AI automation managed-services engagement in Switzerland. ATTACHED: 1. Kickoff Wizard (filled — see "Kickoff Questionnaire" sheet for the answers; "Project Card" shows derived values; "Pre-Population Map" shows the exact target cells) 2. Master Overview Index file 3. Pricing Calculator file TASK: For each row in the "Pre-Population Map" sheet of the Kickoff Wizard, apply the listed value to the listed target file at the listed sheet and cell. Pay attention especially to: - Package name in Quote Calculator C5 must match Package Reference column A exactly (the Q10 dropdown already produces matching strings, but verify) - Support model in Quote Calculator C6 must match Complexity Reference column K exactly - Phase Progress Tracker on Master Index: only Phase 1 should be "In Progress" at kickoff; other phases stay "Not Started" - If a Pre-Population Map value reads "[Not yet captured]" or "[Set manually after Phase 2]", do NOT guess — leave the target cell blank or write the placeholder text as-is OUTPUT: For each of the two target files (Master Overview Index, Pricing Calculator), return: 1. A summary of changes you would make (sheet, cell, new value) 2. Either: produce an updated file for download, OR list the exact changes so I can apply them manually DO NOT modify the Kickoff Wizard file itself — it is the source of truth. VERIFY before producing output: - Every cell update has a matching row in the Pre-Population Map - No invented values — everything traces back to the Kickoff Questionnaire answers - Empty Questionnaire answers stay empty in the target (or get a [TBD] placeholder) Proceed.
A16: Post-AI verification checklist
... A22: ☐ Re-open the Pre-Population Map sheet and spot-check 2-3 cells against the actual updated files.
