Workbook

Sheet START HERE
A1: Decision Log + Risk Register
A2: One workbook used across the entire project to capture key decisions and risks. Add entries as they happen — not at end of phase. Saves hours of "why did we decide X?" discussions later and is gold during retrospectives.
A4: When to add an entry
A5: Sheet | B5: When to use
A6: Decision Log | B6: Add a row when: scope is locked, package upgrade chosen, AI boundary set, human-only task agreed, key tool chosen, payment terms agreed, anything where you'd later wish you'd written it down.
A7: Risk Register | B7: Add a row when: a risk surfaces during discovery, a test fails in a worrying pattern, a security concern emerges, a client behaviour signals trouble, a dependency on a third party becomes visible.
A8: At a Glance | B8: Auto-computed summary. Open this when planning the next phase or preparing for monthly review — shows open decisions/risks needing attention.
A10: Tip — entry hygiene
A11: Decisions: write what was decided AND why. The "why" is what saves you 3 months later.
A12: Risks: be specific. "AI may misclassify sensitive messages" is useful; "AI quality" is not.
A13: Update status when reality changes. A risk that becomes a real defect → mark Realised + cross-link to Defect Log.
A14: Reversibility on decisions matters most. One-way decisions deserve careful framing in the Context column.

Sheet Decision Log
A1: Decision Log
A2: Add a row each time a key project decision is made. ID, Date, Phase, Decision, and Context are the minimum — others can be filled in later.
A4: ID | B4: Date | C4: Phase | D4: Topic | E4: Decision (what was decided) | F4: Context / Reasoning | G4: Decided by | H4: Reversibility | I4: Status | J4: Notes
A5: D-001 | B5: 2026-08-25 | C5: Phase 1 | D5: AI auto-send boundary | E5: AI may draft replies but NEVER auto-send. Human approval required for every outbound message. | F5: Client is risk-averse and operates in regulated (health) context. Approval workflow lowers risk and matches client comfort level (Q9 in Pre-Interview). | G5: Client + PM | H5: Costly to reverse | I5: Active | J5: Re-evaluate after 3 months of operation.
A6: D-002 | B6: 2026-09-10 | C6: Phase 2 | D6: MVP excludes Instagram channel | E6: Defer Instagram DM intake to Phase 2 (next iteration). MVP covers email + website form only. | F6: Instagram API access requires additional setup the client cannot complete in MVP timeline. Email + form already cover 80% of inbound volume. | G6: Client + PM | H6: Reversible | I6: Active | J6: Add to Improvement Backlog as candidate for managed-service expansion.
A7: D-003 | B7: 2026-09-01 | C7: Phase 2 | D7: Document extraction error tolerance | E7: AI extraction accepted only if all required fields are present; any mismatch routes to human review before posting. | F7: Document automation can introduce financial errors if unchecked data is posted. Human confirmation step protects data integrity. | G7: PM | H7: Reversible | I7: Active | J7: Re-evaluate per document type after 1 month of operation.
A8: D-004 | B8: 2026-09-05 | C8: Phase 2 | D8: Content automation — human approval mandatory before publish | E8: No content automation may publish to any channel without explicit human approval of every draft. | F8: Auto-publishing risks brand damage and incorrect messaging. Approval gate is non-negotiable across all content automation types. | G8: PM + Client | H8: Costly to reverse | I8: Active | J8: Review after 2 months; consider conditional auto-publish for pre-approved content types only.

Sheet Risk Register
A1: Risk Register
A2: Add a row when a risk surfaces. Risk Level is auto-calculated from Likelihood × Impact: Low/Low = Low; High/High = Critical; mixed = Medium or High.
A4: ID | B4: Date | C4: Phase | D4: Risk description | E4: Likelihood | F4: Impact | G4: Risk Level (AUTO) | H4: Mitigation | I4: Owner | J4: Status | K4: Notes / cross-ref
A5: R-001 | B5: 2026-08-25 | C5: Phase 1 | D5: AI misclassifies sensitive health inquiry as routine, sending generic auto-reply | E5: Medium | F5: High | G5: =IF(OR(E5="",F5=""),"",IF(AND(E5="High",F5="High"),"Critical",IF(OR(AND(E5="High",F5="Medium"),AND(E5="Medium",F5="High")),"High",IF(AND(E5="Medium",F5="Medium"),"High",IF(OR(AND(E5="High",F5="Low"),AND(E5="Low",F5="High")),"Medium",IF(OR(AND(E5="Medium",F5="Low"),AND(E5="Low",F5="Medium")),"Medium","Low")))))) -> High | H5: Human approval workflow on ALL outbound replies; no auto-send in MVP; sensitive-keyword fallback to human review folder | I5: PM | J5: Mitigated | K5: Cross-ref: D-001 (no auto-send)
A6: R-002 | B6: 2026-09-15 | C6: Phase 3 | D6: Client doesn't grant OAuth access to Gmail by build start, delaying Phase 4 | E6: Medium | F6: Medium | G6: =IF(OR(E6="",F6=""),"",IF(AND(E6="High",F6="High"),"Critical",IF(OR(AND(E6="High",F6="Medium"),AND(E6="Medium",F6="High")),"High",IF(AND(E6="Medium",F6="Medium"),"High",IF(OR(AND(E6="High",F6="Low"),AND(E6="Low",F6="High")),"Medium",IF(OR(AND(E6="Medium",F6="Low"),AND(E6="Low",F6="Medium")),"Medium","Low")))))) -> High | H6: Send OAuth instructions 1 week before build start; offer to walk through together; escalate if no response within 3 days | I6: PM | J6: Open | K6: Check by 2026-09-20
A7: R-003 | B7: 2026-09-01 | C7: Phase 3 | D7: AI extracts incorrect invoice amount or supplier; automation posts unvalidated data to accounting system | E7: Medium | F7: High | H7: Human confirmation required before any write to accounting; validation module checks all required fields; error route on any mismatch. | I7: PM | J7: Open | K7: Cross-ref: D-003
A8: R-004 | B8: 2026-09-05 | C8: Phase 3 | D8: Content automation publishes incorrect or off-brand post to client social channels without human approval | E8: Low | F8: High | H8: Approval gate mandatory before every publish action; no auto-publish path in workflow; post-publish alert to owner. | I8: PM | J8: Mitigated | K8: Cross-ref: D-004
G9: =IF(OR(E9="",F9=""),"",IF(AND(E9="High",F9="High"),"Critical",IF(OR(AND(E9="High",F9="Medium"),AND(E9="Medium",F9="High")),"High",IF(AND(E9="Medium",F9="Medium"),"High",IF(OR(AND(E9="High",F9="Low"),AND(E9="Low",F9="High")),"Medium",IF(OR(AND(E9="Medium",F9="Low"),AND(E9="Low",F9="Medium")),"Medium","Low"))))))
G10: =IF(OR(E10="",F10=""),"",IF(AND(E10="High",F10="High"),"Critical",IF(OR(AND(E10="High",F10="Medium"),AND(E10="Medium",F10="High")),"High",IF(AND(E10="Medium",F10="Medium"),"High",IF(OR(AND(E10="High",F10="Low"),AND(E10="Low",F10="High")),"Medium",IF(OR(AND(E10="Medium",F10="Low"),AND(E10="Low",F10="Medium")),"Medium","Low"))))))
G11: =IF(OR(E11="",F11=""),"",IF(AND(E11="High",F11="High"),"Critical",IF(OR(AND(E11="High",F11="Medium"),AND(E11="Medium",F11="High")),"High",IF(AND(E11="Medium",F11="Medium"),"High",IF(OR(AND(E11="High",F11="Low"),AND(E11="Low",F11="High")),"Medium",IF(OR(AND(E11="Medium",F11="Low"),AND(E11="Low",F11="Medium")),"Medium","Low"))))))
G12: =IF(OR(E12="",F12=""),"",IF(AND(E12="High",F12="High"),"Critical",IF(OR(AND(E12="High",F12="Medium"),AND(E12="Medium",F12="High")),"High",IF(AND(E12="Medium",F12="Medium"),"High",IF(OR(AND(E12="High",F12="Low"),AND(E12="Low",F12="High")),"Medium",IF(OR(AND(E12="Medium",F12="Low"),AND(E12="Low",F12="Medium")),"Medium","Low"))))))
G13: =IF(OR(E13="",F13=""),"",IF(AND(E13="High",F13="High"),"Critical",IF(OR(AND(E13="High",F13="Medium"),AND(E13="Medium",F13="High")),"High",IF(AND(E13="Medium",F13="Medium"),"High",IF(OR(AND(E13="High",F13="Low"),AND(E13="Low",F13="High")),"Medium",IF(OR(AND(E13="Medium",F13="Low"),AND(E13="Low",F13="Medium")),"Medium","Low"))))))
G14: =IF(OR(E14="",F14=""),"",IF(AND(E14="High",F14="High"),"Critical",IF(OR(AND(E14="High",F14="Medium"),AND(E14="Medium",F14="High")),"High",IF(AND(E14="Medium",F14="Medium"),"High",IF(OR(AND(E14="High",F14="Low"),AND(E14="Low",F14="High")),"Medium",IF(OR(AND(E14="Medium",F14="Low"),AND(E14="Low",F14="Medium")),"Medium","Low"))))))
G15: =IF(OR(E15="",F15=""),"",IF(AND(E15="High",F15="High"),"Critical",IF(OR(AND(E15="High",F15="Medium"),AND(E15="Medium",F15="High")),"High",IF(AND(E15="Medium",F15="Medium"),"High",IF(OR(AND(E15="High",F15="Low"),AND(E15="Low",F15="High")),"Medium",IF(OR(AND(E15="Medium",F15="Low"),AND(E15="Low",F15="Medium")),"Medium","Low"))))))
G16: =IF(OR(E16="",F16=""),"",IF(AND(E16="High",F16="High"),"Critical",IF(OR(AND(E16="High",F16="Medium"),AND(E16="Medium",F16="High")),"High",IF(AND(E16="Medium",F16="Medium"),"High",IF(OR(AND(E16="High",F16="Low"),AND(E16="Low",F16="High")),"Medium",IF(OR(AND(E16="Medium",F16="Low"),AND(E16="Low",F16="Medium")),"Medium","Low"))))))
G17: =IF(OR(E17="",F17=""),"",IF(AND(E17="High",F17="High"),"Critical",IF(OR(AND(E17="High",F17="Medium"),AND(E17="Medium",F17="High")),"High",IF(AND(E17="Medium",F17="Medium"),"High",IF(OR(AND(E17="High",F17="Low"),AND(E17="Low",F17="High")),"Medium",IF(OR(AND(E17="Medium",F17="Low"),AND(E17="Low",F17="Medium")),"Medium","Low"))))))
G18: =IF(OR(E18="",F18=""),"",IF(AND(E18="High",F18="High"),"Critical",IF(OR(AND(E18="High",F18="Medium"),AND(E18="Medium",F18="High")),"High",IF(AND(E18="Medium",F18="Medium"),"High",IF(OR(AND(E18="High",F18="Low"),AND(E18="Low",F18="High")),"Medium",IF(OR(AND(E18="Medium",F18="Low"),AND(E18="Low",F18="Medium")),"Medium","Low"))))))
G19: =IF(OR(E19="",F19=""),"",IF(AND(E19="High",F19="High"),"Critical",IF(OR(AND(E19="High",F19="Medium"),AND(E19="Medium",F19="High")),"High",IF(AND(E19="Medium",F19="Medium"),"High",IF(OR(AND(E19="High",F19="Low"),AND(E19="Low",F19="High")),"Medium",IF(OR(AND(E19="Medium",F19="Low"),AND(E19="Low",F19="Medium")),"Medium","Low"))))))
G20: =IF(OR(E20="",F20=""),"",IF(AND(E20="High",F20="High"),"Critical",IF(OR(AND(E20="High",F20="Medium"),AND(E20="Medium",F20="High")),"High",IF(AND(E20="Medium",F20="Medium"),"High",IF(OR(AND(E20="High",F20="Low"),AND(E20="Low",F20="High")),"Medium",IF(OR(AND(E20="Medium",F20="Low"),AND(E20="Low",F20="Medium")),"Medium","Low"))))))
... G80: =IF(OR(E80="",F80=""),"",IF(AND(E80="High",F80="High"),"Critical",IF(OR(AND(E80="High",F80="Medium"),AND(E80="Medium",F80="High")),"High",IF(AND(E80="Medium",F80="Medium"),"High",IF(OR(AND(E80="High",F80="Low"),AND(E80="Low",F80="High")),"Medium",IF(OR(AND(E80="Medium",F80="Low"),AND(E80="Low",F80="Medium")),"Medium","Low"))))))

Sheet At a Glance
A1: At a Glance (auto-computed)
A2: Open this when planning a phase or preparing a monthly review. Counts come from the Decision Log and Risk Register sheets — keep those up to date.
A4: Decision Log — by Status
A5: Category | B5: Meaning | C5: Count
A6: Active | B6: Currently in force. | C6: =COUNTIF('Decision Log'!I5:I80,"Active") -> 4
A7: Superseded | B7: Replaced by later decision. | C7: =COUNTIF('Decision Log'!I5:I80,"Superseded") -> 0
A8: Reversed | B8: Decision was undone. | C8: =COUNTIF('Decision Log'!I5:I80,"Reversed") -> 0
A9: Under Review | B9: Being reconsidered. | C9: =COUNTIF('Decision Log'!I5:I80,"Under Review") -> 0
A10: Total recorded | B10: All decisions logged. | C10: =COUNTA('Decision Log'!A5:A80) -> 4
A12: Decision Log — by Reversibility (Active only)
A13: Category | B13: Meaning | C13: Count
A14: Reversible | B14: Easy to change. | C14: =COUNTIFS('Decision Log'!H5:H80,"Reversible",'Decision Log'!I5:I80,"Active") -> 2
A15: Costly to reverse | B15: Possible but expensive. | C15: =COUNTIFS('Decision Log'!H5:H80,"Costly to reverse",'Decision Log'!I5:I80,"Active") -> 2
A16: One-way (irreversible) | B16: Cannot undo. | C16: =COUNTIFS('Decision Log'!H5:H80,"One-way (irreversible)",'Decision Log'!I5:I80,"Active") -> 0
A18: Risk Register — by Status
A19: Category | B19: Meaning | C19: Count
A20: Open | B20: Risk active, no mitigation. | C20: =COUNTIF('Risk Register'!J5:J80,"Open") -> 2
A21: Mitigated | B21: Mitigation in place. | C21: =COUNTIF('Risk Register'!J5:J80,"Mitigated") -> 2
A22: Realised | B22: Risk became real issue. | C22: =COUNTIF('Risk Register'!J5:J80,"Realised") -> 0
A23: Closed | B23: No longer relevant. | C23: =COUNTIF('Risk Register'!J5:J80,"Closed") -> 0
A24: Accepted | B24: Risk accepted, no mitigation. | C24: =COUNTIF('Risk Register'!J5:J80,"Accepted") -> 0
A25: Total recorded | B25: All risks logged. | C25: =COUNTA('Risk Register'!A5:A80) -> 4
A27: Risk Register — by Risk Level (Open + Accepted only)
A28: Category | B28: Meaning | C28: Count
A29: Critical | B29: Highest priority. | C29: =COUNTIFS('Risk Register'!G5:G80,"Critical",'Risk Register'!J5:J80,"Open")+COUNTIFS('Risk Register'!G5:G80,"Critical",'Risk Register'!J5:J80,"Accepted") -> 0
A30: High | B30: Watch closely. | C30: =COUNTIFS('Risk Register'!G5:G80,"High",'Risk Register'!J5:J80,"Open")+COUNTIFS('Risk Register'!G5:G80,"High",'Risk Register'!J5:J80,"Accepted") -> 1
A31: Medium | B31: Manage normally. | C31: =COUNTIFS('Risk Register'!G5:G80,"Medium",'Risk Register'!J5:J80,"Open")+COUNTIFS('Risk Register'!G5:G80,"Medium",'Risk Register'!J5:J80,"Accepted") -> 0
A32: Low | B32: Routine. | C32: =COUNTIFS('Risk Register'!G5:G80,"Low",'Risk Register'!J5:J80,"Open")+COUNTIFS('Risk Register'!G5:G80,"Low",'Risk Register'!J5:J80,"Accepted") -> 0
A35: Healthy project signal: Critical and High risks should be ZERO or actively mitigated. Any Open Critical risk is a stop-and-discuss signal.
