Workbook

Sheet START HERE
A1: Client Communication & Deliverables Control — Master Template
A2: Use this workbook to decide what the client receives, when reports are sent, who owns what, and which items remain internal know-how.
A4: Subject | B4: Description
A5: Purpose | B5: Keep client communication professional without giving away your full implementation IP.
A6: Core rule | B6: Client receives clarity, outcomes, reports, approvals, and access to their own data. Internal scenario logic/blueprints are shared only if contract/package says so.
A7: When to use | B7: After Phase 1 discovery and throughout Phases 2–6.
A8: Recommended rhythm | B8: Basic: milestone updates. Pro/Managed/Agentic: weekly short updates plus approval gates.
A9: Important | B9: Separate client deliverables from internal working files. Do not export Make blueprints containing credentials, prompts, or reusable framework logic unless explicitly sold/licensed.
A12: Client Communication Progress (auto-computed)
A14: Approval Gates — by Client Decision
A15: Status | B15: Meaning | C15: Count
A16: Approved | B16: Gate formally signed off. | C16: =COUNTIF('Approval Gates'!E5:E100,"Approved") -> 0
A17: Approved with comments | B17: Signed off with conditions. | C17: =COUNTIF('Approval Gates'!E5:E100,"Approved with comments") -> 0
A18: Pending | B18: Awaiting client decision. | C18: =COUNTIF('Approval Gates'!E5:E100,"Pending") -> 0
A19: Rejected | B19: Gate rejected. | C19: =COUNTIF('Approval Gates'!E5:E100,"Rejected") -> 0
A20: Not needed | B20: Skipped intentionally. | C20: =COUNTIF('Approval Gates'!E5:E100,"Not needed") -> 0
A22: Communication Plan — by Status
A23: Status | B23: Meaning | C23: Count
A24: Planned | B24: Communication scheduled. | C24: =COUNTIF('Communication Plan'!G5:G100,"Planned") -> 6
A25: In Progress | B25: Being prepared. | C25: =COUNTIF('Communication Plan'!G5:G100,"In Progress") -> 0
A26: Sent | B26: Delivered to client. | C26: =COUNTIF('Communication Plan'!G5:G100,"Sent") -> 0
A27: Approved | B27: Client has approved. | C27: =COUNTIF('Communication Plan'!G5:G100,"Approved") -> 0
A28: Blocked | B28: Blocked — needs resolution. | C28: =COUNTIF('Communication Plan'!G5:G100,"Blocked") -> 0
A29: Not Needed | B29: Not required for this project. | C29: =COUNTIF('Communication Plan'!G5:G100,"Not Needed") -> 0
A32: Tip: client management is on track when (a) every Communication Plan item is 'Sent' or 'Approved' at the right time, and (b) every Approval Gate is 'Approved' (or 'Approved with comments') before its phase ends. 'Pending' gates approaching phase-end are the early warning signal.

Sheet Communication Plan
A1: Client Communication Plan
A2: Define when and how the client receives updates/reports. Green columns are project-specific inputs.
A4: Phase | B4: Client Communication | C4: Recommended Format | D4: Frequency / Trigger | E4: Client Approval Needed? | F4: Owner | G4: Status | H4: Notes
A5: Phase 1 Discovery | B5: Discovery Summary / Initial Plan | C5: 1–2 page summary or email | D5: After discovery interview | E5: Optional / recommended | G5: Planned
A6: Phase 2 Scope | B6: MVP Scope Confirmation | C6: Short report + scope table | D6: Before blueprinting | E6: Yes | G6: Planned
A7: Phase 3 Blueprint | B7: Solution Blueprint Confirmation | C7: Workflow diagram/summary + boundaries | D7: Before build | E7: Yes | G7: Planned
A8: Phase 4 Build | B8: Build Progress Update | C8: Short weekly or milestone update | D8: Weekly or when blocked | E8: Only if scope changes | G8: Planned
A9: Phase 5 Testing | B9: Testing Summary + Go/No-Go | C9: Test summary + defect status | D9: Before launch | E9: Yes | G9: Planned
A10: Phase 6 Managed Service | B10: Monthly Service Report | C10: Monthly KPI/report | D10: Monthly | E10: No, unless change requested | G10: Planned

Sheet Client Deliverables
A1: Client Deliverables Register
A2: Define what is delivered to the client versus what stays internal.
A4: Deliverable | B4: Phase | C4: Client Receives? | D4: Purpose | E4: Format | F4: Internal / Client / Hybrid | G4: Share Level | H4: Notes / Boundary
A5: Discovery Summary | B5: Phase 1 | C5: Yes | D5: Confirm needs, pain points, first MVP direction | E5: PDF/email | F5: Client | G5: Summary only | H5: No internal scoring details required
A6: MVP Scope Confirmation | B6: Phase 2 | C6: Yes | D6: Lock what is included/later/excluded | E6: PDF/Excel excerpt | F6: Client | G6: Client-facing | H6: Approval gate
A7: Solution Blueprint Summary | B7: Phase 3 | C7: Yes | D7: Confirm process, tools, approvals, security | E7: PDF/diagram | F7: Hybrid | G7: Controlled detail | H7: Avoid sharing reusable internal template logic
A8: Full Make Blueprint Export | B8: Phase 3/4 | C8: Usually no | D8: Technical implementation file | E8: Make JSON | F8: Internal | G8: Do not share by default | H8: Only under special paid handover/licensing
A9: Build Progress Update | B9: Phase 4 | C9: Yes | D9: Progress and blockers | E9: Email/update | F9: Client | G9: Summary only
A10: Test Results Summary | B10: Phase 5 | C10: Yes | D10: Go/No-Go decision | E10: PDF/table | F10: Client | G10: Client-facing | H10: Include pass/fail and unresolved risks
A11: Operations Dashboard | B11: Phase 6 | C11: Maybe | D11: Visibility into results | E11: CRM/Notion/Looker/Sheet | F11: Client/Hybrid | G11: Data/result access | H11: Give access to client data, not necessarily build logic
A12: Monthly Service Report | B12: Phase 6 | C12: Yes | D12: Managed service value proof | E12: PDF/email | F12: Client | G12: Client-facing | H12: Runs, errors, improvements, next actions

Sheet Ownership Models
A1: Automation Ownership & Access Models
A2: Choose the commercial/operational model before build. This protects both client trust and your IP.
A4: Model | B4: Description | C4: Client Gets | D4: You Keep | E4: Best For | F4: Risk / Warning | G4: Recommended Position
A5: Managed Service / Internal Build | B5: Automation runs in your managed Make environment or agency workspace. | C5: Results, reports, dashboard, approvals, documented process. | D5: Scenario logic, prompts, reusable templates, vendor/API setup. | E5: Basic/Pro managed packages. | F5: Client dependency on you; must clarify continuity/exit terms. | G5: Good default for managed service.
A6: Client-Owned Workspace | B6: Client owns Make/CRM/tools; you build inside their accounts. | C6: Full operational access and ownership. | D6: Your methodology, templates, documentation, service know-how. | E6: Larger clients, compliance-heavy clients. | F6: They can copy/modify logic; charge higher setup and limit template reuse. | G6: Use for higher-priced implementation.
A7: Hybrid | B7: Client owns data/accounts; you manage automation layer. | C7: Access to business data, CRM, reports; limited Make visibility. | D7: Implementation framework, reusable scenario logic, prompts. | E7: Most small businesses. | F7: Needs clear SLA and exit plan. | G7: Best balanced option.
A8: Handover / Build-and-Transfer | B8: You build then transfer everything. | C8: Full blueprint, documentation, training. | D8: Only general know-how unless licensed terms apply. | E8: One-off projects. | F8: Undermines recurring revenue; must price high. | G8: Offer only as premium package.

Sheet Approval Gates
A1: Client Approval Gates
A2: Use this sheet to control what must be approved before moving forward.
A4: Gate | B4: Phase | C4: Approval Item | D4: Why Approval Matters | E4: Client Decision | F4: Date | G4: Approved By | H4: Notes | I4: Completeness Status (AUTO)
A5: G1 | B5: After Phase 1 | C5: Discovery Summary | D5: Confirms problem and direction | I5: =IF(COUNTA(A5,B5,C5,E5,F5,G5)=0,"Empty",IF(COUNTA(A5,B5,C5,E5,F5,G5)<6,"Partial","Complete")) -> Partial
A6: G2 | B6: After Phase 2 | C6: MVP Scope | D6: Prevents scope creep | I6: =IF(COUNTA(A6,B6,C6,E6,F6,G6)=0,"Empty",IF(COUNTA(A6,B6,C6,E6,F6,G6)<6,"Partial","Complete")) -> Partial
A7: G3 | B7: After Phase 3 | C7: Solution Blueprint + boundaries | D7: Confirms how automation works and what AI may/may not do | I7: =IF(COUNTA(A7,B7,C7,E7,F7,G7)=0,"Empty",IF(COUNTA(A7,B7,C7,E7,F7,G7)<6,"Partial","Complete")) -> Partial
A8: G4 | B8: After Phase 5 | C8: Go/No-Go | D8: Confirms readiness to launch | I8: =IF(COUNTA(A8,B8,C8,E8,F8,G8)=0,"Empty",IF(COUNTA(A8,B8,C8,E8,F8,G8)<6,"Partial","Complete")) -> Partial
A9: G5 | B9: Phase 6 | C9: Change request / improvement | D9: Controls managed-service changes | I9: =IF(COUNTA(A9,B9,C9,E9,F9,G9)=0,"Empty",IF(COUNTA(A9,B9,C9,E9,F9,G9)<6,"Partial","Complete")) -> Partial
I10: =IF(COUNTA(A10,B10,C10,E10,F10,G10)=0,"Empty",IF(COUNTA(A10,B10,C10,E10,F10,G10)<6,"Partial","Complete")) -> Empty
I11: =IF(COUNTA(A11,B11,C11,E11,F11,G11)=0,"Empty",IF(COUNTA(A11,B11,C11,E11,F11,G11)<6,"Partial","Complete")) -> Empty
I12: =IF(COUNTA(A12,B12,C12,E12,F12,G12)=0,"Empty",IF(COUNTA(A12,B12,C12,E12,F12,G12)<6,"Partial","Complete")) -> Empty
I13: =IF(COUNTA(A13,B13,C13,E13,F13,G13)=0,"Empty",IF(COUNTA(A13,B13,C13,E13,F13,G13)<6,"Partial","Complete")) -> Empty
I14: =IF(COUNTA(A14,B14,C14,E14,F14,G14)=0,"Empty",IF(COUNTA(A14,B14,C14,E14,F14,G14)<6,"Partial","Complete")) -> Empty
I15: =IF(COUNTA(A15,B15,C15,E15,F15,G15)=0,"Empty",IF(COUNTA(A15,B15,C15,E15,F15,G15)<6,"Partial","Complete")) -> Empty
I16: =IF(COUNTA(A16,B16,C16,E16,F16,G16)=0,"Empty",IF(COUNTA(A16,B16,C16,E16,F16,G16)<6,"Partial","Complete")) -> Empty
I17: =IF(COUNTA(A17,B17,C17,E17,F17,G17)=0,"Empty",IF(COUNTA(A17,B17,C17,E17,F17,G17)<6,"Partial","Complete")) -> Empty
I18: =IF(COUNTA(A18,B18,C18,E18,F18,G18)=0,"Empty",IF(COUNTA(A18,B18,C18,E18,F18,G18)<6,"Partial","Complete")) -> Empty
I19: =IF(COUNTA(A19,B19,C19,E19,F19,G19)=0,"Empty",IF(COUNTA(A19,B19,C19,E19,F19,G19)<6,"Partial","Complete")) -> Empty
I20: =IF(COUNTA(A20,B20,C20,E20,F20,G20)=0,"Empty",IF(COUNTA(A20,B20,C20,E20,F20,G20)<6,"Partial","Complete")) -> Empty
I21: =IF(COUNTA(A21,B21,C21,E21,F21,G21)=0,"Empty",IF(COUNTA(A21,B21,C21,E21,F21,G21)<6,"Partial","Complete")) -> Empty
... I100: =IF(COUNTA(A100,B100,C100,E100,F100,G100)=0,"Empty",IF(COUNTA(A100,B100,C100,E100,F100,G100)<6,"Partial","Complete")) -> Empty
A105: Gate Status at a Glance (auto-computed)
A106: Status | B106: Count | C106: Meaning
A107: Approved | B107: =COUNTIF(E5:E100,"Approved") -> 0 | C107: Gate formally signed off.
A108: Approved with comments | B108: =COUNTIF(E5:E100,"Approved with comments") -> 0 | C108: Approved with conditions or follow-ups.
A109: Pending | B109: =COUNTIF(E5:E100,"Pending") -> 0 | C109: Awaiting client decision.
A110: Rejected | B110: =COUNTIF(E5:E100,"Rejected") -> 0 | C110: Gate rejected — requires rework.
A111: Not needed | B111: =COUNTIF(E5:E100,"Not needed") -> 0 | C111: Skipped intentionally.
A112: Total gates recorded | B112: =COUNTA(A5:A100) -> 5 | C112: All rows with a Gate ID.

Sheet Weekly Update Template
A1: Weekly / Milestone Client Update Template
A2: Copy this structure into email or report. Keep it short.
A4: Subject | B4: Description
A5: Project
A6: Reporting period
A7: Overall status | B7: Green / Yellow / Red
A8: Done this period
A9: In progress
A10: Blocked / waiting for client
A11: Risks / decisions needed
A12: Next step
A13: Target next milestone

Sheet Monthly Report Template
A1: Monthly Managed Service Report Template
A2: Use after go-live for Managed/Agentic packages.
A4: Section | B4: Metric / Topic | C4: Value / Notes | D4: Client Meaning
A5: Usage | B5: Automation runs | D5: How often the system worked
A6: Usage | B6: Items / inputs processed | D6: Volume handled by automation
A7: Quality | B7: Correct processing results | D7: Reliability of AI/rules
A8: Quality | B8: Human review cases | D8: Where human judgment was needed
A9: Reliability | B9: Failed runs / errors | D9: Operational stability
A10: Reliability | B10: Critical incidents | D10: Any risk-impacting events
A11: Improvements | B11: Changes made | D11: Service improvement delivered
A12: Improvements | B12: Recommended next improvements | D12: Future value
A13: Open Items | B13: Client decisions needed | D13: What blocks progress

Sheet Access IP Matrix
A1: Access, Ownership & IP Boundary Matrix
A2: Define exactly what the client can access and what remains internal.
A4: Item | B4: Client Access? | C4: Ownership | D4: Reason | E4: Boundary / Condition | F4: Decision | G4: Notes
A5: Client Gmail/Email account | B5: Yes | C5: Client | D5: Client business communication | E5: Use OAuth/delegated access, not shared passwords
A6: Client Instagram/Meta account | B6: Yes | C6: Client | D6: Client channel | E6: Client grants business/admin access
A7: CRM/Notion client data | B7: Yes | C7: Client or shared | D7: Operational visibility | E7: Give data/results access
A8: Make scenario editor | B8: Maybe | C8: Depends on model | D8: Technical automation layer | E8: Usually no in managed service; yes in client-owned/handover
A9: Make blueprint export | B9: Usually no | C9: Your IP unless contracted otherwise | D9: Reusable implementation logic | E9: Only under paid handover/licensing; remove secrets first
A10: AI prompts/classification logic | B10: Maybe | C10: Hybrid/IP | D10: Core service know-how | E10: Share high-level behavior, not full reusable prompt library unless agreed
A11: API keys | B11: No | C11: You/client depending on account | D11: Security | E11: Never share keys; use connections/secrets
A12: Reports/results | B12: Yes | C12: Client | D12: Client value and transparency | E12: Always share
A13: Client accounting tool or document storage | B13: Yes | C13: Client | D13: Finance / document automation data source | E13: Connect via API or scheduled export; client retains full data ownership; no automated write-back without human confirmation.
A14: Client CMS / social scheduling tool | B14: Yes | C14: Client | D14: Content automation publishing target | E14: API access for approved publishing actions only; client must approve each draft before publish — no direct auto-posting.
A15: Client approval channels (email, Slack, Teams) | B15: Yes | C15: Client | D15: Internal ops automation — approval routing and notifications | E15: Outbound notification only; no access to other message threads or inboxes; approval routing per defined rules.
