Workbook
Name PIDS.a: -EXP(-1/PIDS.T)
Name PIDS.b: PIDS.G*(1+PIDS.a)
Name PIDS.D: 'PID Simulator'!$O$20
Name PIDS.G: 'PID Simulator'!$O$18
Name PIDS.K: 'PID Simulator'!$O$25
Name PIDS.Mode: 'PID Simulator'!$C$24
Name PIDS.OnebyTi: IF(PIDS.Ti=0,0,1/PIDS.Ti)
Name PIDS.T: 'PID Simulator'!$O$19
Name PIDS.Td: 'PID Simulator'!$O$27
Name PIDS.Ti: 'PID Simulator'!$O$26
Name ZN.a: 'PID Simulator'!$D$7
Name ZN.Amplitude: 'ZN Bode Sweep'!$C$2:$C$5001
Name ZN.h: 'PID Simulator'!$D$8
Name ZN.Ku: IF(MATCH(-180,ZN.Phase,-1)=5000,NA(),1/INDEX(ZN.Amplitude,MATCH(-180,ZN.Phase,-1)))
Name ZN.lm: ZN.Amplitude*SIN(RADIANS(ZN.Phase))
Name ZN.Phase: 'ZN Bode Sweep'!$D$2:$D$5001
Name ZN.Pu: IF(MATCH(-180,ZN.Phase,-1)=5000,NA(),2*PI()/INDEX(ZN.w,MATCH(-180,ZN.Phase,-1)))
Name ZN.t: 'PID Simulator'!$D$9
Name ZN.w: 'ZN Bode Sweep'!$B$2:$B$5001

Sheet PID Simulator
B2: Ziegler-Nichols Closed Loop Tuning Calculator | AV2: P - influence
AD3: Other | AH3: M | AM3: ZN | AQ3: TL
C5: Process Model | E5: PMM | J5: Controller | L5: TPM in | M5: TPM calc | N5: =IF($E$5="PMM","TPXX",IF($E$5="PMTL","TPTL","TPZN")) -> TPXX | O5: =IF($E$5="PMM","TPXX",IF($E$5="PMTL","TPTL","TPZN")) -> TPXX | P5: =IF($E$5="PMM","TPXX",IF($E$5="PMTL","TPTL","TPZN")) -> TPXX | S5: Ku | T5: =ZN.Ku -> 16.331644 | U5: PMM - Process Model Manual | AM5: Ku | AN5: Pu | AO5: Pu | AQ5: Ku | AR5: Pu | AS5: Pu
C6: PMM | D6: =IF($E$5="PMZN",$E$5,IF($E$5="PMTL",$E$5,"PMXX")) -> PMXX | E6: PID | N6: Gain | O6: Integral | P6: Derivative | S6: Pu (s) | T6: =ZN.Pu -> 3.8544784 | U6: PMXX - Process Model XX (ZN-Ziegler-Nichols etc.) | AD6: Kc | AE6: Ti | AF6: Td | AM6: Kc | AN6: Ti | AO6: Td | AQ6: Kc | AR6: Ti | AS6: Td
C7: 1 | D7: 1 | E7: Process Gain | J7: P | L7: 5 | M7: =AH7 -> 3 | N7: =ZN.Ku*AD7 -> 8.1658221 | AD7: =IF($E$5="PMZN",AM7,IF($E$5="PMTL",AQ7,AM7)) -> 0.5 | AH7: =AI7*AJ7 -> 3 | AI7: 0.6 | AJ7: =L7 -> 5 | AM7: =1/2 -> 0.5 | AQ7: =1/2 -> 0.5
C8: 10 | D8: 10 | E8: Time Constant | J8: PI | L8: 1.5 | M8: =AH8 -> 3 | N8: =ZN.Ku*AD8 -> 7.4234746 | O8: =ZN.Pu*AE8 -> 3.2120654 | U8: TPM - Tuning Parameters Manual | AD8: =IF($E$5="PMZN",AM8,IF($E$5="PMTL",AQ8,AM8)) -> 0.45454545 | AE8: =IF($E$5="PMZN",AN8,IF($E$5="PMTL",AR8,AN8)) -> 0.83333333 | AH8: =AI8*AJ8 -> 3 | AI8: 2 | AJ8: =L8 -> 1.5 | AM8: =1/2.2 -> 0.45454545 | AN8: =1/1.2 -> 0.83333333 | AQ8: =1/3.2 -> 0.3125 | AR8: 2.2
C9: 1 | D9: 1 | E9: Delay | J9: PID | L9: =L8 -> 1.5 | M9: =AH9 -> 0.083333333 | N9: =ZN.Ku*AD9 -> 9.6068495 | O9: =ZN.Pu*AE9 -> 1.9272392 | P9: =ZN.Pu*AF9 -> 0.48180981 | U9: TPXX - Tuning Parameters XX (ZN-Ziegler-Nichols etc.) | AD9: =IF($E$5="PMZN",AM9,IF($E$5="PMTL",AQ9,AM9)) -> 0.58823529 | AE9: =IF($E$5="PMZN",AN9,IF($E$5="PMTL",AR9,AN9)) -> 0.5 | AF9: =IF($E$5="PMZN",AO9,IF($E$5="PMTL",AS9,AO9)) -> 0.125 | AH9: =AI9/AJ9 -> 0.083333333 | AI9: 0.125 | AJ9: =L9 -> 1.5 | AL9: =IF($E$5="PMZN-clas","clas",IF($E$5="PMZN-pes","pes",IF($E$5="PMZN-sov","sov",IF($E$5="PMZN-nov","nov","-")))) -> - | AM9: =IF($AL$9="clas",AM15,IF($AL$9="pes",AM16,IF($AL$9="sov",AM17,IF($AL$9="nov",AM18,AM15)))) -> 0.58823529 | AN9: =IF($AL$9="clas",AN15,IF($AL$9="pes",AN16,IF($AL$9="sov",AN17,IF($AL$9="nov",AN18,AN15)))) -> 0.5 | AO9: =IF($AL$9="clas",AO15,IF($AL$9="pes",AO16,IF($AL$9="sov",AO17,IF($AL$9="nov",AO18,AO15)))) -> 0.125 | AQ9: =1/2.2 -> 0.45454545 | AR9: 2.2 | AS9: =1/6.3 -> 0.15873016
B11: PID LOOP SIMULATOR
C15: Step Input | AL15: clas | AM15: =1/1.7 -> 0.58823529 | AN15: =1/2 -> 0.5 | AO15: =1/8 -> 0.125
E16: =E17 | L16: Process | O16: =E5 -> PMM | AL16: pes | AM16: 0.7 | AN16: 0.4 | AO16: 0.15
E17: =IF(C24=2," ","") | G17: MANIPULATED | R17: PROCESS | Y17: Process Value | AL17: sov | AM17: 0.33 | AN17: 0.5 | AO17: 0.33
E18: =IF(C24=1," ","") | G18: VALUE | L18: Process Gain | O18: {=IF($E$5="PMM",C7,IF($E$5<>"PMM",D7,NA()))} -> 1 | R18: VALUE | U18: =E18 | AL18: nov | AM18: 0.2 | AN18: 0.5 | AO18: 0.33
E19: =E18 | L19: Lag (seconds) | O19: {=IF($E$5="PMM",C8,IF($E$5<>"PMM",D8,NA()))} -> 10 | U19: =U18
C20: Mode | E20: =E19 | L20: Delay (seconds) | O20: {=IF($E$5="PMM",C9,IF($E$5<>"PMM",D9,NA()))} -> 1 | U20: =U19
E21: =E20 | U21: =U20
E22: =E21 | U22: =U21
E23: =E22 | L23: Controller | O23: =E6 -> PID | U23: =U22
C24: 2
L25: Controller Gain | O25: {=IF(AND($E$5="PMM",$E$6="P"),M7,IF(AND($E$5="PMM",$E$6="PI"),M7,IF(AND($E$5="PMM",$E$6="PID"),M7,IF(AND($E$5,$E$6="P"),N7,IF(AND($E$5,$E$6="PI"),N8,IF(AND($E$5,$E$6="PID"),N9,NA()))))))} -> 3 | V25: - | AV25: PI - influence
L26: Integral Time (sec) | O26: {=IF(AND($E$5="PMM",$E$6="P"),0,IF(AND($E$5="PMM",$E$6="PI"),M8,IF(AND($E$5="PMM",$E$6="PID"),M8,IF(AND($E$5,$E$6="P"),O7,IF(AND($E$5,$E$6="PI"),O8,IF(AND($E$5,$E$6="PID"),O9,NA()))))))} -> 3 | T26: SP - PV | U26: Σ | W26: + | Y26: Set Point | Z26: Step Input
L27: Derivative Time (sec) | O27: {=IF(AND($E$5="PMM",$E$6="P"),0,IF(AND($E$5="PMM",$E$6="PI"),0,IF(AND($E$5="PMM",$E$6="PID"),M9,IF(AND($E$5,$E$6="P"),P7,IF(AND($E$5,$E$6="PI"),P8,IF(AND($E$5,$E$6="PID"),P9,NA()))))))} -> 0.083333333
BP36: KC0 = | BQ36: 1 | BS36: A= | BT36: =1.152*POWER(BQ39,2)-1.607*BK3911 -> 0.56448 | BV36: Kmax=
BP37: dyp= | BQ37: 0.3 | BS37: F= | BT37: 1 | BV37: fo=
BP38: dyn= | BQ38: 1 | BS38: KC= | BT38: =BQ36*BT36/BT37 -> 0.56448 | BV38: KP= | BW38: 0.6*Kmax
BP39: overshoot = | BQ39: =(BQ37*BQ38-BQ38)/BQ38 -> -0.7 | BS39: ti= | BT39: =MIN(0.86*BT36*ABS(BQ41/(1-BQ41))*BQ40,2.44*BQ40*BT37) -> 5.8254336 | BV39: Ki= | BW39: 2.0*fo
BP40: tp= | BQ40: 8 | BV40: Kd= | BW40: 0.125/fo
BP41: b= | BQ41: =BQ37/0.5 -> 0.6
BP42: dyn= | BQ42: =0.45*(BQ37-BQ37/2) -> 0.0675
AV48: PID - influence

Sheet PID Calculations
A1: Time | B1: Set Point | C1: Manipulated Value | D1: Process Value | E1: Error | F1: AccumErr
A2: -10 | B2: =IF(PIDS.Mode=1,NA(),0) -> 0 | C2: 0 | D2: 0 | E2: =B2-D2 -> 0 | F2: 0
A3: -9 | B3: =B2 -> 0 | C3: 0 | D3: 0 | E3: =B3-D3 -> 0 | F3: =F2+E3 -> 0
A4: -8 | B4: =B3 -> 0 | C4: 0 | D4: 0 | E4: =B4-D4 -> 0 | F4: =F3+E4 -> 0
A5: -7 | B5: =B4 -> 0 | C5: 0 | D5: 0 | E5: =B5-D5 -> 0 | F5: =F4+E5 -> 0
A6: -6 | B6: =B5 -> 0 | C6: 0 | D6: 0 | E6: =B6-D6 -> 0 | F6: =F5+E6 -> 0
A7: -5 | B7: =B6 -> 0 | C7: 0 | D7: 0 | E7: =B7-D7 -> 0 | F7: =F6+E7 -> 0
A8: -4 | B8: =B7 -> 0 | C8: 0 | D8: 0 | E8: =B8-D8 -> 0 | F8: =F7+E8 -> 0
A9: -3 | B9: =B8 -> 0 | C9: 0 | D9: 0 | E9: =B9-D9 -> 0 | F9: =F8+E9 -> 0
A10: -2 | B10: =B9 -> 0 | C10: 0 | D10: 0 | E10: =B10-D10 -> 0 | F10: =F9+E10 -> 0
A11: -1 | B11: =B10 -> 0 | C11: 0 | D11: 0 | E11: =B11-D11 -> 0 | F11: =F10+E11 -> 0
A12: 0 | B12: =IF(PIDS.Mode=1,NA(),1) -> 1 | C12: =IF(PIDS.Mode=2,PIDS.K*E12+F12*PIDS.OnebyTi+PIDS.Td*(E12-E11),1) -> 3.4166667 | D12: 0 | E12: =B12-D12 -> 1 | F12: =F11+E12 -> 1
A13: 1 | B13: =B12 -> 1 | C13: =IF(PIDS.Mode=2,PIDS.K*E13+F13*PIDS.OnebyTi+PIDS.Td*(E13-E12),1) -> 3.6666667 | D13: =IF(ROW()-12<PIDS.D,0,OFFSET(C13,-PIDS.D-1,0)*PIDS.b-D12*PIDS.a) -> 0 | E13: =B13-D13 -> 1 | F13: =F12+E13 -> 2
A14: 2 | B14: =B13 -> 1 | C14: =IF(PIDS.Mode=2,PIDS.K*E14+F14*PIDS.OnebyTi+PIDS.Td*(E14-E13),1) -> 2.889109 | D14: =IF(ROW()-12<PIDS.D,0,OFFSET(C14,-PIDS.D-1,0)*PIDS.b-D13*PIDS.a) -> 0.32513882 | E14: =B14-D14 -> 0.67486118 | F14: =F13+E14 -> 2.6748612
A15: 3 | B15: =B14 -> 1 | C15: =IF(PIDS.Mode=2,PIDS.K*E15+F15*PIDS.OnebyTi+PIDS.Td*(E15-E14),1) -> 2.0546972 | D15: =IF(ROW()-12<PIDS.D,0,OFFSET(C15,-PIDS.D-1,0)*PIDS.b-D14*PIDS.a) -> 0.64312724 | E15: =B15-D15 -> 0.35687276 | F15: =F14+E15 -> 3.0317339
A16: 4 | B16: =B15 -> 1 | C16: =IF(PIDS.Mode=2,PIDS.K*E16+F16*PIDS.OnebyTi+PIDS.Td*(E16-E15),1) -> 1.469898 | D16: =IF(ROW()-12<PIDS.D,0,OFFSET(C16,-PIDS.D-1,0)*PIDS.b-D15*PIDS.a) -> 0.85686067 | E16: =B16-D16 -> 0.14313933 | F16: =F15+E16 -> 3.1748733
A17: 5 | B17: =B16 -> 1 | C17: =IF(PIDS.Mode=2,PIDS.K*E17+F17*PIDS.OnebyTi+PIDS.Td*(E17-E16),1) -> 1.145959 | D17: =IF(ROW()-12<PIDS.D,0,OFFSET(C17,-PIDS.D-1,0)*PIDS.b-D16*PIDS.a) -> 0.97084989 | E17: =B17-D17 -> 0.029150115 | F17: =F16+E17 -> 3.2040234
A18: 6 | B18: =B17 -> 1 | C18: =IF(PIDS.Mode=2,PIDS.K*E18+F18*PIDS.OnebyTi+PIDS.Td*(E18-E17),1) -> 1.0029149 | D18: =IF(ROW()-12<PIDS.D,0,OFFSET(C18,-PIDS.D-1,0)*PIDS.b-D17*PIDS.a) -> 1.0183406 | E18: =B18-D18 -> -0.01834059 | F18: =F17+E18 -> 3.1856828
A19: 7 | B19: =B18 -> 1 | C19: =IF(PIDS.Mode=2,PIDS.K*E19+F19*PIDS.OnebyTi+PIDS.Td*(E19-E18),1) -> 0.95926525 | D19: =IF(ROW()-12<PIDS.D,0,OFFSET(C19,-PIDS.D-1,0)*PIDS.b-D18*PIDS.a) -> 1.0304851 | E19: =B19-D19 -> -0.030485091 | F19: =F18+E19 -> 3.1551977
A20: 8 | B20: =B19 -> 1 | C20: =IF(PIDS.Mode=2,PIDS.K*E20+F20*PIDS.OnebyTi+PIDS.Td*(E20-E19),1) -> 0.95907973 | D20: =IF(ROW()-12<PIDS.D,0,OFFSET(C20,-PIDS.D-1,0)*PIDS.b-D19*PIDS.a) -> 1.0278614 | E20: =B20-D20 -> -0.027861444 | F20: =F19+E20 -> 3.1273363
A21: 9 | B21: =B20 -> 1 | C21: =IF(PIDS.Mode=2,PIDS.K*E21+F21*PIDS.OnebyTi+PIDS.Td*(E21-E20),1) -> 0.97187723 | D21: =IF(ROW()-12<PIDS.D,0,OFFSET(C21,-PIDS.D-1,0)*PIDS.b-D20*PIDS.a) -> 1.0213337 | E21: =B21-D21 -> -0.021333654 | F21: =F20+E21 -> 3.1060026
A22: 10 | B22: =B21 -> 1 | C22: =IF(PIDS.Mode=2,PIDS.K*E22+F22*PIDS.OnebyTi+PIDS.Td*(E22-E21),1) -> 0.98446319 | D22: =IF(ROW()-12<PIDS.D,0,OFFSET(C22,-PIDS.D-1,0)*PIDS.b-D21*PIDS.a) -> 1.0154094 | E22: =B22-D22 -> -0.015409409 | F22: =F21+E22 -> 3.0905932
A23: 11 | B23: =B22 -> 1 | C23: =IF(PIDS.Mode=2,PIDS.K*E23+F23*PIDS.OnebyTi+PIDS.Td*(E23-E22),1) -> 0.99298704 | D23: =IF(ROW()-12<PIDS.D,0,OFFSET(C23,-PIDS.D-1,0)*PIDS.b-D22*PIDS.a) -> 1.0112668 | E23: =B23-D23 -> -0.011266774 | F23: =F22+E23 -> 3.0793264
A24: 12 | B24: =B23 -> 1 | C24: =IF(PIDS.Mode=2,PIDS.K*E24+F24*PIDS.OnebyTi+PIDS.Td*(E24-E23),1) -> 0.99760111 | D24: =IF(ROW()-12<PIDS.D,0,OFFSET(C24,-PIDS.D-1,0)*PIDS.b-D23*PIDS.a) -> 1.0087161 | E24: =B24-D24 -> -0.0087160761 | F24: =F23+E24 -> 3.0706104
... A312: 300 | B312: =B311 -> 1 | C312: =IF(PIDS.Mode=2,PIDS.K*E312+F312*PIDS.OnebyTi+PIDS.Td*(E312-E311),1) -> 1 | D312: =IF(ROW()-12<PIDS.D,0,OFFSET(C312,-PIDS.D-1,0)*PIDS.b-D311*PIDS.a) -> 1 | E312: =B312-D312 -> 0 | F312: =F311+E312 -> 3

Sheet ZN Bode Sweep
A1: n | B1: w (rad/s) | C1: Amplitude | D1: Phase (deg) | F1: Robust replacement for the v0.03 virtual-array named ranges (ZN.w / ZN.Amplitude / ZN.Phase). Same math, evaluated over real cells.
A2: 1 | B2: 0.0001 | C2: ='PID Simulator'!$D$7/SQRT(1+('PID Simulator'!$D$8*B2)^2) -> 0.9999995 | D2: =-DEGREES(ATAN2(1,'PID Simulator'!$D$8*B2))+DEGREES(-'PID Simulator'!$D$9*B2) -> -0.063025338
A3: 2 | B3: 0.0021 | C3: ='PID Simulator'!$D$7/SQRT(1+('PID Simulator'!$D$8*B3)^2) -> 0.99977957 | D3: =-DEGREES(ATAN2(1,'PID Simulator'!$D$8*B3))+DEGREES(-'PID Simulator'!$D$9*B3) -> -1.3233557
A4: 3 | B4: 0.0041 | C4: ='PID Simulator'!$D$7/SQRT(1+('PID Simulator'!$D$8*B4)^2) -> 0.99916056 | D4: =-DEGREES(ATAN2(1,'PID Simulator'!$D$8*B4))+DEGREES(-'PID Simulator'!$D$9*B4) -> -2.5827247
A5: 4 | B5: 0.0061 | C5: ='PID Simulator'!$D$7/SQRT(1+('PID Simulator'!$D$8*B5)^2) -> 0.99814468 | D5: =-DEGREES(ATAN2(1,'PID Simulator'!$D$8*B5))+DEGREES(-'PID Simulator'!$D$9*B5) -> -3.8402214
A6: 5 | B6: 0.0081 | C6: ='PID Simulator'!$D$7/SQRT(1+('PID Simulator'!$D$8*B6)^2) -> 0.99673555 | D6: =-DEGREES(ATAN2(1,'PID Simulator'!$D$8*B6))+DEGREES(-'PID Simulator'!$D$9*B6) -> -5.0949439
A7: 6 | B7: 0.0101 | C7: ='PID Simulator'!$D$7/SQRT(1+('PID Simulator'!$D$8*B7)^2) -> 0.99493819 | D7: =-DEGREES(ATAN2(1,'PID Simulator'!$D$8*B7))+DEGREES(-'PID Simulator'!$D$9*B7) -> -6.3460034
A8: 7 | B8: 0.0121 | C8: ='PID Simulator'!$D$7/SQRT(1+('PID Simulator'!$D$8*B8)^2) -> 0.99275892 | D8: =-DEGREES(ATAN2(1,'PID Simulator'!$D$8*B8))+DEGREES(-'PID Simulator'!$D$9*B8) -> -7.5925281
A9: 8 | B9: 0.0141 | C9: ='PID Simulator'!$D$7/SQRT(1+('PID Simulator'!$D$8*B9)^2) -> 0.99020531 | D9: =-DEGREES(ATAN2(1,'PID Simulator'!$D$8*B9))+DEGREES(-'PID Simulator'!$D$9*B9) -> -8.8336675
A10: 9 | B10: 0.0161 | C10: ='PID Simulator'!$D$7/SQRT(1+('PID Simulator'!$D$8*B10)^2) -> 0.98728614 | D10: =-DEGREES(ATAN2(1,'PID Simulator'!$D$8*B10))+DEGREES(-'PID Simulator'!$D$9*B10) -> -10.068596
A11: 10 | B11: 0.0181 | C11: ='PID Simulator'!$D$7/SQRT(1+('PID Simulator'!$D$8*B11)^2) -> 0.9840113 | D11: =-DEGREES(ATAN2(1,'PID Simulator'!$D$8*B11))+DEGREES(-'PID Simulator'!$D$9*B11) -> -11.296515
A12: 11 | B12: 0.0201 | C12: ='PID Simulator'!$D$7/SQRT(1+('PID Simulator'!$D$8*B12)^2) -> 0.98039169 | D12: =-DEGREES(ATAN2(1,'PID Simulator'!$D$8*B12))+DEGREES(-'PID Simulator'!$D$9*B12) -> -12.516659
A13: 12 | B13: 0.0221 | C13: ='PID Simulator'!$D$7/SQRT(1+('PID Simulator'!$D$8*B13)^2) -> 0.97643912 | D13: =-DEGREES(ATAN2(1,'PID Simulator'!$D$8*B13))+DEGREES(-'PID Simulator'!$D$9*B13) -> -13.728294
... A5001: 5000 | B5001: 9.9981 | C5001: ='PID Simulator'!$D$7/SQRT(1+('PID Simulator'!$D$8*B5001)^2) -> 0.0100014 | D5001: =-DEGREES(ATAN2(1,'PID Simulator'!$D$8*B5001))+DEGREES(-'PID Simulator'!$D$9*B5001) -> -662.27589
